[TOC]

## 1. 数据类型 ##

[MySQL 数据类型](http://www.runoob.com/mysql/mysql-data-types.html)

MySQL中定义数据字段的类型对你数据库的优化是非常重要的。

MySQL支持多种类型，大致可以分为三类：数值、日期/时间和字符串(字符)类型。

## 2. 创建数据表 ##

```mysql
CREATE TABLE IF NOT EXISTS `runoob_tbl`(
   `runoob_id` INT UNSIGNED AUTO_INCREMENT,
   `runoob_title` VARCHAR(100) NOT NULL,
   `runoob_author` VARCHAR(40) NOT NULL,
   `submission_date` DATE,
   PRIMARY KEY ( `runoob_id` )
)ENGINE=InnoDB DEFAULT CHARSET=utf8;
```

实例解析：

- 如果你不想字段为 **NULL** 可以设置字段的属性为 **NOT NULL**， 在操作数据库时如果输入该字段的数据为**NULL** ，就会报错。
- AUTO_INCREMENT定义列为自增的属性，一般用于主键，数值会自动加1。
- PRIMARY KEY关键字用于定义列为主键。 您可以使用多列来定义主键，列间以逗号分隔。
- ENGINE 设置存储引擎，CHARSET 设置编码。

## 3. 删除表 ##

[MySQL 删除数据表](http://www.runoob.com/mysql/mysql-drop-tables.html)

删除表内数据，用 **delete**。格式为：

```
delete from 表名 where 删除条件;
```

清除表内数据，保存表结构，用 **truncate**。格式为：

```
truncate table 表名;
```

删除表用 **drop**，就是啥都没了。格式为：

```
drop  table  表名;
```

delete 操作以后，使用 **optimize table table_name** 会立刻释放磁盘空间，不管是 innodb 还是 myisam;

实例，删除学生表中姓名为 "张三" 的数据：

```
delete from student where T_name = "张三";
```

实例，释放学生表的表空间：

```
optimize table student;
```

***总结***

 	1. 当你不再需要该表时， 用 **drop**;
 	2. 当你仍要保留该表，但要删除所有记录时， 用 **truncate**;
 	3. 当你要删除部分记录时， 用 **delete**。

## 4. 插入数据 ##

```mysql
# 方法一
INSERT INTO table_name
(field1, field2,...fieldN)
VALUES  (valueA1,valueA2,...valueAN),(valueB1,valueB2,...valueBN),
(valueC1,valueC2,...valueCN),
......;

# 方法二, 一一对应
INSERT INTO table_name
VALUES (valueA1,valueA2,...valueAN);
```

> 如果数据是字符型，必须使用单引号或者双引号，如："value"。

## 5. 查询数据 ##

```mysql
SELECT column_name,column_name
FROM table_name
[WHERE Clause]
[LIMIT N][ OFFSET M]
```

- ***查询语句中你可以使用一个或者多个表，表之间使用逗号(,)分割，并使用WHERE语句来设定查询条件。***
- SELECT 命令可以读取一条或者多条记录。
- 你可以使用星号（*）来代替其他字段，SELECT语句会返回表的所有字段数据
- 你可以使用 WHERE 语句来包含任何条件。
- 你可以使用 LIMIT 属性来设定返回的记录数。
- 你可以通过OFFSET指定SELECT语句开始查询的数据偏移量。默认情况下偏移量为0。

**扩展**

（1）**实现分页**

-  **offset M** : 跳过 M 条记录, 默认 M=0, 单独使用似乎不起作用
-  **limit N,M** : 相当于 **limit M offset N** , 从第 N 条记录开始, 返回 M 条记录

```mysql
select * from _table 
limit (page_number-1)*lines_perpage, lines_perpage
# 或
select * from _table 
limit lines_perpage offset (page_number-1)*lines_perpage
```

（2）去重

```mysql
SELECT DISTINCT country FROM Websites;       /* 查询去重值 */
```

## 6. WHERE 子句 ##

```mysql
SELECT field1, field2,...fieldN FROM table_name1, table_name2...
[WHERE condition1 [AND [OR]] condition2.....
```

- ***查询语句中你可以使用一个或者多个表，表之间使用逗号, 分割，并使用WHERE语句来设定查询条件。***
- 你可以在 WHERE 子句中指定任何条件。
- **你可以在 WHERE 子句中使用LIKE子句。**
- 你可以使用 AND 或者 OR 指定一个或多个条件。
- WHERE 子句也可以运用于 SQL 的 DELETE 或者 UPDATE 命令。
- WHERE 子句类似于程序语言中的 if 条件，根据 MySQL 表中的字段值来读取指定的数据。
- 操作符：=、<、>、!= 或 <>、>=、<=

***使用***

*（1）WHERE 子句的字符串比较是不区分大小写的。 你可以使用 BINARY 关键字来设定 WHERE 子句的字符串比较是区分大小写的。*

```mysql
mysql> SELECT * from runoob_tbl WHERE BINARY runoob_author='runoob.com';
Empty set (0.01 sec)

mysql> SELECT * from runoob_tbl WHERE BINARY runoob_author='RUNOOB.COM';
+-----------+---------------+---------------+-----------------+
| runoob_id | runoob_title  | runoob_author | submission_date |
+-----------+---------------+---------------+-----------------+
| 3         | JAVA 教程   | RUNOOB.COM    | 2016-05-06      |
| 4         | 学习 Python | RUNOOB.COM    | 2016-03-06      |
+-----------+---------------+---------------+-----------------+
2 rows in set (0.01 sec)
```

*（2）批量替换*

当我们需要将字段中的特定字符串批量修改为其他字符串时，可已使用以下操作：

```mysql
UPDATE table_name SET field=REPLACE(field, 'old-string', 'new-string')
[WHERE Clause]
```

*实例：*

以下实例将更新 runoob_id 为 3 的runoob_title 字段值的 "C++" 替换为 "Python"：

```mysql
UPDATE runoob_tbl SET runoob_title = REPLACE(runoob_title, 'C++', 'Python') where
runoob_id = 3;
```

## 7. UPDATE 查询 ##

```mysql
UPDATE table_name SET field1=new-value1, field2=new-value2
[WHERE Clause]
```

- 你可以同时更新一个或多个字段。
- 你可以在 WHERE 子句中指定任何条件。
- 你可以在一个单独表中同时更新数据。

（1）**UPDATE替换某个字段中的某个字符**

当我们需要将字段中的特定字符串批量修改为其他字符串时，可已使用以下操作：

```mysql
UPDATE table_name SET field=REPLACE(field, 'old-string', 'new-string') 
[WHERE Clause]
```

**实例：**

以下实例将更新 runoob_id 为 3 的runoob_title 字段值的 "C++" 替换为 "Python"：

```mysql
UPDATE runoob_tbl SET runoob_title = REPLACE(runoob_title, 'C++', 'Python') where 
runoob_id = 3;
```

（2）

```mysql
# 将 id 为 5 的手机号改为默认的 **-** : 
update students set tel=default where id=5;
```

## 8. DELETE 语句 ##

```mysql
DELETE FROM table_name [WHERE Clause]
```

- 如果没有指定 WHERE 子句，MySQL 表中的所有记录将被删除。
- 你可以在 WHERE 子句中指定任何条件
- 您可以在单个表中一次性删除记录。

### 8.1 delete，drop，truncate  的区别 ###

-  delete 和 truncate 仅仅删除表数据，drop 连表数据和表结构一起删除，打个比方，delete 是单杀，truncate 是团灭，drop 是把电脑摔了。
-  delete 是 ***DML 语句***，操作完以后如果***不想提交事务还可以回滚***，truncate 和 drop 是 ***DDL 语句***，***操作完马上生效，不能回滚***，打个比方，delete 是发微信说分手，后悔还可以撤回，truncate 和 drop 是直接扇耳光说滚，不能反悔。
-  执行的速度上，**drop>truncate>delete**，打个比方，drop 是神舟火箭，truncate 是和谐号动车，delete 是自行车。

## 9.  LIKE 子句 ##

```mysql
SELECT field1, field2,...fieldN
FROM table_name
WHERE field1 LIKE condition1 [AND [OR]] filed2 = 'somevalue'
```

- 你可以在 WHERE 子句中指定任何条件。
- 你可以在 WHERE 子句中使用LIKE子句。
- **你可以使用LIKE子句代替等号 " = "。**
- LIKE 通常与 *%* 一同使用，类似于一个元字符的搜索。
- 你可以使用 AND 或者 OR 指定一个或多个条件。
- 你可以在 ***DELETE 或 UPDATE*** 命令中使用 WHERE...LIKE 子句来指定条件。

**其他**

like 匹配/模糊匹配，会与 **%** 和 **_** 结合使用。

```mysql
'%a'     //以a结尾的数据
'a%'     //以a开头的数据
'%a%'    //含有a的数据
'_a_'    //三位且中间字母是a的
'_a'     //两位且结尾字母是a的
'a_'     //两位且开头字母是a的
```

查询以 java 字段开头的信息。

```mysql
SELECT * FROM position WHERE name LIKE 'java%';
```

查询包含 java 字段的信息。

```mysql
SELECT * FROM position WHERE name LIKE '%java%';
```

查询以 java 字段结尾的信息。

```mysql
SELECT * FROM position WHERE name LIKE '%java';
```

## 10. UNION 操作符 ##

[UNION 操作符](http://www.runoob.com/mysql/mysql-union-operation.html)

MySQL UNION 操作符用于连接***两个以上的 SELECT 语句***的结果组合到一个结果集合中。多个 SELECT 语句***会删除重复的数据***。

```mysql
SELECT expression1, expression2, ... expression_n
FROM tables
[WHERE conditions]
UNION [ALL | DISTINCT]
SELECT expression1, expression2, ... expression_n
FROM tables
[WHERE conditions];
```

**参数**

- **expression1, expression2, ... expression_n**: 要检索的列。
- **tables:** 要检索的数据表。
- **WHERE conditions:** 可选， 检索条件。
- **DISTINCT:** 可选，***删除结果集中重复的数据。***默认情况下 UNION 操作符已经删除了重复数据，所以 ***DISTINCT 修饰符对结果没啥影响***。
- **ALL:** 可选，***返回所有结果集***，包含重复数据。

## 11. 排序 ##

```mysql
SELECT field1, field2,...fieldN from table_name1, table_name2...
ORDER BY field1, [field2...] [ASC [DESC]]
```

- 你可以使用任何字段来作为排序的条件，从而返回排序后的查询结果。
- 你可以设定多个字段来排序。
- 你可以使用 ***ASC*** 或 ***DESC*** 关键字来设置查询结果是按***升序***或***降序***排列。 ***默认情况下，它是按升序排列***。
- 你可以添加 WHERE...LIKE 子句来设置条件。

## 12. GROUP BY 语句 ##

> 在分组的列上我们可以使用 ***COUNT***, ***SUM***, ***AVG***,等函数。

```mysql
SELECT column_name, function(column_name)
FROM table_name
WHERE column_name operator value
GROUP BY column_name;
```

**使用**

```mysql
mysql> set names utf8;
mysql> SELECT * FROM employee_tbl;
```

| id | name | date                | singin |
|:-----|:-----|:---------------------|:--------|:|
|  1 | 小明 | 2016-04-22 15:25:33 |      1 |
|  2 | 小王 | 2016-04-20 15:25:47 |      3 |
|  3 | 小丽 | 2016-04-19 15:26:02 |      2 |
|  4 | 小王 | 2016-04-07 15:26:14 |      4 |
|  5 | 小明 | 2016-04-11 15:26:40 |      4 |
|  6 | 小明 | 2016-04-04 15:26:54 |      2 |



```mysql
mysql> SELECT name, COUNT(*) FROM   employee_tbl GROUP BY name;
```


| name   | COUNT(*) |
|:--------|:----------|:|
| 小丽 |        1 |
| 小明 |        3 |
| 小王 |        2 |

### 12.1 使用 WITH ROLLUP ###

**WITH ROLLUP 可以实现在分组统计数据基础上再进行相同的统计（SUM,AVG,COUNT…）。**

```mysql
SELECT name, SUM(singin) as singin_count FROM  employee_tbl GROUP BY name WITH ROLLUP;
```


| name   | singin_count |
|:--------|:--------------|:|
| 小丽 |            2 |
| 小明 |            7 |
| 小王 |            7 |
| NULL   |           16 |

```mysql
SELECT coalesce(name, '总数'), SUM(singin) as singin_count FROM  employee_tbl GROUP BY name WITH ROLLUP;
```

| coalesce(name, '总数') | singin_count |
|:--------------------------|:--------------|:|
| 小丽                   |            2 |
| 小明                   |            7 |
| 小王                   |            7 |
| 总数                   |           16 |

### 12.2 HAVING ###

**分组后的条件使用 HAVING 来限定，WHERE 是对原始数据进行条件限制。**

### 12.3 去重 ###

group by 可以实现一个最简单的去重查询，假设想看下有哪些员工：

```mysql
SELECT name FROM employee_tbl GROUP BY name;
```

### 12.4 where 、group by 、having、order by  的顺序 ###

```mysql
SELECT name ,sum(*)  FROM employee_tbl WHERE id<>1 GROUP BY name  HAVING sum(*)>5 ORDER BY sum(*) DESC;
```

### 12.5 **注意** ###

**MySQL 拼音排序**

如果字符集采用的是 gbk(汉字编码字符集)，直接在查询语句后边添加 ORDER BY：

```mysql
SELECT *
FROM runoob_tbl
ORDER BY runoob_title;
```

如果字符集采用的是 utf8(万国码)，需要先对字段进行转码然后排序：

```mysql
SELECT *
FROM runoob_tbl
ORDER BY CONVERT(runoob_title using gbk);
```

## 13. 连接的使用 ##

> 可以在 SELECT, UPDATE 和 DELETE 语句中使用 Mysql 的 JOIN 来联合多表查询。

OIN 按照功能大致分为如下三类：

- **INNER JOIN（内连接,或等值连接）**：获取两个表中字段匹配关系的记录。

  > 也可以省略 INNER 使用 JOIN，效果一样。

- **LEFT JOIN（左连接）：**获取左表所有记录，即使右表没有对应匹配的记录。

- **RIGHT JOIN（右连接）：** 与 LEFT JOIN 相反，用于获取右表所有记录，即使左表没有对应匹配的记录。

### 13.1 INNER JOIN ###

**图示**

![](./img/innerjoin.gif)

**实例**

***要求***：读取runoob_tbl表中所有runoob_author字段在tcount_tbl表对应的runoob_count字段值

```mysql
# 方法一
SELECT a.runoob_id, a.runoob_author, b.runoob_count
FROM runoob_tbl a INNER JOIN tcount_tbl b
ON a.runoob_author = b.runoob_author;

# 方法二
select a.runoob_author, b.runoob_count
from runoob_tbl a inner join tcount_tbl b
where a.runoob_author = b.runoob_author;

# 方法三
 SELECT a.runoob_id, a.runoob_author, b.runoob_count
 FROM runoob_tbl a, tcount_tbl b
 WHERE a.runoob_author = b.runoob_author;
```


| a.runoob_id | a.runoob_author | b.runoob_count |
|:----------|:---------------|:-------------|:|
| 1           | 菜鸟教程    | 10             |
| 2           | 菜鸟教程    | 10             |
| 3           | RUNOOB.COM      | 20             |
| 4           | RUNOOB.COM      | 20             |

### 13.2 LEFT JOIN ###

**图示**

![](./img/leftjoin.gif)

**实例**

```mysql
SELECT a.runoob_id, a.runoob_author, b.runoob_count
FROM runoob_tbl a LEFT JOIN tcount_tbl b
ON a.runoob_author = b.runoob_author;
```


| a.runoob_id | a.runoob_author | b.runoob_count |
|:-------------|:-----------------|:----------------|:|
| 1           | 菜鸟教程    | 10             |
| 2           | 菜鸟教程    | 10             |
| 3           | RUNOOB.COM      | 20             |
| 4           | RUNOOB.COM      | 20             |
| 5           | FK              | NULL           |

### 13.3  RIGHT JOIN ###

**图示**

![](./img/rightjoin.gif)

**实例**

```mysql
SELECT a.runoob_id, a.runoob_author, b.runoob_count
FROM runoob_tbl a RIGHT JOIN tcount_tbl b
ON a.runoob_author = b.runoob_author;
```


| a.runoob_id | a.runoob_author | b.runoob_count |
|:-------------|:-----------------|:----------------|:|
| 1           | 菜鸟教程    | 10             |
| 2           | 菜鸟教程    | 10             |
| 3           | RUNOOB.COM      | 20             |
| 4           | RUNOOB.COM      | 20             |
| NULL        | NULL            | 22             |

## 14. NULL 值处理 ##

>  NULL 的条件比较运算是比较特殊的。你***不能使用 = NULL 或 != NULL 在列中查找 NULL 值 。***
>
> 在 MySQL 中，***NULL 值与任何其它值的比较（即使是 NULL）永远返回 false，***即 NULL = NULL 返回false 。
>
> MySQL 中处理 NULL 使用 IS NULL 和 IS NOT NULL 运算符。

 MySQL 使用 SQL SELECT 命令及 WHERE 子句来读取数据表中的数据,但是当提供的查询条件字段为 NULL 时，该命令可能就无法正常工作。

为了处理这种情况，MySQL提供了三大运算符:

- **IS NULL:** 当列的值是 NULL,此运算符返回 true。
- **IS NOT NULL:** 当列的值不为 NULL, 运算符返回 true。
- **<=>:** 比较操作符（不同于=运算符），当比较的的两个值为 NULL 时返回 true。

**注意**

```mysql
select * , columnName1+ifnull(columnName2,0) from tableName;
```

`columnName1，columnName2` 为 int 型，当 `columnName2` 中，有值为 null 时，（`columnName1+columnName2`）=`null`， `ifnull(columnName2,0)` 把 `columnName2` 中 null 值转为 0。

**使用**

```mysql
# 查找不是 NULL
SELECT * from runoob_test_tbl
WHERE runoob_count IS NOT NULL;

# 查找是NULL
SELECT * from runoob_test_tbl
WHERE runoob_count IS NULL;
```



## 15. 正则表达式 ##

|    模式    | 描述                                                         |
| :--------: | :----------------------------------------------------------- |
|     ^      | 匹配输入字符串的开始位置。如果设置了 RegExp 对象的 Multiline 属性，^ 也匹配 '\n' 或 '\r' 之后的位置。 |
|     $      | 匹配输入字符串的结束位置。如果设置了RegExp 对象的 Multiline 属性，$ 也匹配 '\n' 或 '\r' 之前的位置。 |
|     .      | 匹配除 "\n" 之外的任何单个字符。要匹配包括 '\n' 在内的任何字符，请使用象 '[.\n]' 的模式。 |
|   [...]    | 字符集合。匹配所包含的任意一个字符。例如， '[abc]' 可以匹配 "plain" 中的 'a'。 |
|   [^...]   | 负值字符集合。匹配未包含的任意字符。例如， '[^abc]' 可以匹配 "plain" 中的'p'。 |
| p1\|p2\|p3 | 匹配 p1 或 p2 或 p3。例如，'z\|food' 能匹配 "z" 或 "food"。'(z\|f)ood' 则匹配 "zood" 或 "food"。 |
|     *      | 匹配前面的子表达式零次或多次。例如，zo* 能匹配 "z" 以及 "zoo"。* 等价于{0,}。 |
|     +      | 匹配前面的子表达式一次或多次。例如，'zo+' 能匹配 "zo" 以及 "zoo"，但不能匹配 "z"。+ 等价于 {1,}。 |
|    {n}     | n 是一个非负整数。匹配确定的 n 次。例如，'o{2}' 不能匹配 "Bob" 中的 'o'，但是能匹配 "food" 中的两个 o。 |
|   {n,m}    | m 和 n 均为非负整数，其中n <= m。最少匹配 n 次且最多匹配 m 次。 |



**实例**

查找name字段中以**'st'为开头**的所有数据：

```mysql
SELECT name FROM person_tbl
WHERE name REGEXP '^st';
```

查找name字段中以**'ok'为结尾**的所有数据：

```mysql
SELECT name FROM person_tbl
WHERE name REGEXP 'ok$';
```

查找name字段中**包含'mar'**字符串的所有数据：

```mysql
SELECT name FROM person_tbl
WHERE name REGEXP 'mar';
```

查找name字段中**以元音字符开头或以'ok'字符串结尾**的所有数据：

```mysql
SELECT name FROM person_tbl
WHERE name REGEXP '^[aeiou]|ok$';
```

## 16. 事务 ##

[MySQL 事务](http://www.runoob.com/mysql/mysql-transaction.html)

MySQL 事务主要用于处理**操作量大**，**复杂度高**的数据。

比如说：在人员管理系统中，你删除一个人员，你即需要删除人员的基本资料，也要删除和该人员相关的信息，如信箱，文章等等，这样，**这些数据库操作语句就构成一个事务！**

- 在 MySQL 中只有使用了 Innodb 数据库引擎的数据库或表才支持事务。
- 事务处理可以用来维护数据库的完整性，保证成批的 SQL 语句要么全部执行，要么全部不执行。
- 事务用来管理 insert,update,delete 语句

一般来说，事务是必须满足4个条件（ACID）：：原子性（**A**tomicity，或称不可分割性）、一致性（**C**onsistency）、隔离性（**I**solation，又称独立性）、持久性（**D**urability）。

- **原子性：**一个事务（transaction）中的所有操作，要么全部完成，要么全部不完成，不会结束在中间某个环节。事务在执行过程中**发生错误**，**会被回滚**（Rollback）到事务开始前的状态，就像这个事务从来没有执行过一样。
- **一致性：**在事务开始之前和事务结束以后，**数据库的完整性没有被破坏**。这表示写入的资料必须完全符合所有的预设规则，这包含资料的精确度、串联性以及后续数据库可以自发性地完成预定的工作。
- **隔离性：**数据库允许多个并发事务同时对其数据进行读写和修改的能力，隔离性可以**防止多个事务并发执行时由于交叉执行而导致数据的不一致**。事务隔离分为不同级别，包括读未提交（Read uncommitted）、读提交（read committed）、可重复读（repeatable read）和串行化（Serializable）。
- **持久性：**事务处理结束后，**对数据的修改就是永久的**，即便**系统故障也不会丢失。**

### 16.1 基本使用 ###

```mysql
use RUNOOB;
# Database changed
CREATE TABLE runoob_transaction_test( id int(5)) engine=innodb;  # 创建数据表
# Query OK, 0 rows affected (0.04 sec)

select * from runoob_transaction_test;
# Empty set (0.01 sec)

begin;  # 开始事务
# Query OK, 0 rows affected (0.00 sec)

insert into runoob_transaction_test value(5);
# Query OK, 1 rows affected (0.01 sec)

insert into runoob_transaction_test value(6);
# Query OK, 1 rows affected (0.00 sec)

commit; # 提交事务
# Query OK, 0 rows affected (0.01 sec)

select * from runoob_transaction_test;
/*
+------+
| id   |
+------+
| 5    |
| 6    |
+------+
*/ 
# 2 rows in set (0.01 sec)

begin;    # 开始事务
# Query OK, 0 rows affected (0.00 sec)

insert into runoob_transaction_test values(7);
# Query OK, 1 rows affected (0.00 sec)

rollback;   # 回滚
# Query OK, 0 rows affected (0.00 sec)

select * from runoob_transaction_test;   # 因为回滚所以数据没有插入
/*
+------+
| id   |
+------+
| 5    |
| 6    |
+------+
*/
# 2 rows in set (0.01 sec)
```



### 16.2 使用SAVEPOINT ###

savepoint 是在数据库事务处理中实现“子事务”（subtransaction），也称为嵌套事务的方法。事务可以回滚到 savepoint 而不影响 savepoint 创建前的变化, 不需要放弃整个事务。

ROLLBACK 回滚的用法可以设置保留点 SAVEPOINT，执行多条操作时，回滚到想要的那条语句之前。

**使用 SAVEPOINT**

```mysql
SAVEPOINT savepoint_name;    # 声明一个 savepoint

ROLLBACK TO savepoint_name;  # 回滚到savepoint
```

**删除 SAVEPOINT**

保留点再事务处理完成（执行一条 ROLLBACK 或 COMMIT）后自动释放。

MySQL5 以来，可以用:

```mysql
RELEASE SAVEPOINT savepoint_name;  # 删除指定保留点
```

## 17. ALTER命令 ##

[ALTER命令](http://www.runoob.com/mysql/mysql-alter.html)

[参考-博客](<https://www.cnblogs.com/huangxm/p/5736807.html>)

> 需要**修改数据表名**或者**修改数据表字段**时，就需要使用到MySQL ALTER命令。

### 17.1 删除，添加或修改表字段 ###

```mysql
########################### 字段
ALTER TABLE testalter_tbl  DROP i;

# 添加字段
ALTER TABLE testalter_tbl ADD i INT;

# 修改字段
# ALTER TABLE tb_name MODIFY 字段名称 字段类型 [完整性约束条件
ALTER TABLE tablename MODIFY email VARCHAR(200) NOT NULL DEFAULT 'a@a.com';
# ALTER TABLE tb_name CHANGE 字段名称 新字段名称 字段类型 [完整性约束条件
ALTER TABLE testalter_tbl CHANGE i j BIGINT;

########################### 默认值
# 修改字段默认值
ALTER TABLE testalter_tbl ALTER i SET DEFAULT 1000;

# 删除字段的默认值
ALTER TABLE testalter_tbl ALTER i DROP DEFAULT;

########################### 表
# 修改表名
ALTER TABLE testalter_tbl RENAME TO alter_tbl;

-- 修改自增长的值
ALTER TABLE tb_name AUTO_INCREMENT=值

-- 修改表的存储引擎
ALTER TABLE tb_name ENGINE=MYISAM;
ALTER TABLE tb_name ENGINE=INNODB;

########################### 字段位置相关
# 指定新增字段的位置，可以使用MySQL提供的关键字 FIRST (设定位第一列)， AFTER 字段名（设定位于某个字段之后）
# 将card移到test后面
ALTER TABLE user10 MODIFY card CHAR(10) AFTER test;

-- 将test放到第一个，保留原完整性约束条件
ALTER TABLE user10 MODIFY test CHAR(32) NOT NULL DEFAULT '123' FIRST;
```

## 18. 索引 ##

> **单列索引，**即一个索引只包含单个列，一个表可以有多个单列索引，但这不是组合索引。
>
> **组合索引，**即一个索引包含多个列。
>
> **创建索引时，你需要确保该索引是应用在SQL 查询语句的条件(一般作为 WHERE 子句的条件)。**

MySQL索引的建立对于MySQL的高效运行是很重要的，索引可以大大提高MySQL的检索速度。

索引也是一张表，该表保存了主键与索引字段，并指向实体表的记录。

**缺点**：虽然索引大大提高了查询速度，同时却会***降低更新表的速度***，如对表进行***INSERT、UPDATE和DELETE***。因为更新表时，MySQL不仅要保存数据，还要保存一下索引文件。建立索引会占用磁盘空间的索引文件。

**使用**

```mysql
# 如果是CHAR，VARCHAR类型，length可以小于字段实际长度；如果是BLOB和TEXT类型，必须指定 length。
CREATE INDEX indexName ON mytable(username(length));  # 1

ALTER table tableName ADD INDEX indexName(columnName)；# 2

CREATE TABLE mytable(  								   # 3
 
ID INT NOT NULL,   
 
username VARCHAR(16) NOT NULL,  
 
INDEX [indexName] (username(length))  
 
);  

# 删除
DROP INDEX index_name ON table_name 
```



## 19. 临时表 ##

MySQL 临时表在我们需要保存一些***临时数据***时是非常有用的。临时表只在当前连接可见，当**关闭连接时**，Mysql会**自动删除表并释放所有空间**。

**实例**

```mysql
# 创建临时表
CREATE TEMPORARY TABLE SalesSummary (
  product_name VARCHAR(50) NOT NULL,
  total_sales DECIMAL(12,2) NOT NULL DEFAULT 0.00,
  avg_unit_price DECIMAL(7,2) NOT NULL DEFAULT 0.00,
  total_units_sold INT UNSIGNED NOT NULL DEFAULT 0
);

# 插入
INSERT INTO SalesSummary
(product_name, total_sales, avg_unit_price,total_units_sold)
VALUES
('cucumber', 100.25, 90, 2);

# 删除临时表
DROP TABLE SalesSummary;
```

> 当你使用 **SHOW TABLES**命令显示数据表列表时，你将无法看到 SalesSummary表。
>
> **nevicat 中创建的临时表，关闭后也会销毁？**
>
> 如果你退出当前MySQL会话，再使用 **SELECT**命令来读取原先创建的临时表数据，那你会发现数据库中没有该表的存在，因为在你退出时该临时表已经被销毁了。

## 20. 复制表 ##

[MySQL 复制表——网友额外方法](http://www.runoob.com/mysql/mysql-clone-tables.html)

> 完全的复制MySQL的数据表，包括表的结构，索引，默认值等。

### 20.1 只复制表结构到新表 ###

```mysql
# 方式一
create table 新表 select * from 旧表 where 1=2

# 方式二
create table 新表 like 旧表 
```

### 20.2 复制表结构及数据到新表 ###

```mysql
create table 新表 select * from 旧表
```

### 20.3 完全的复制MySQL的数据表，包括表的结构，索引，默认值等 ###

（1）、用 **SHOW CREATE TABLE** 命令获取创建数据表(**CREATE TABLE**) 语句，该语句包含了原数据表的结构，索引等。

```mysql
SHOW CREATE TABLE runoob_tbl \G;

/*
*************************** 1. row ***************************
       Table: runoob_tbl
Create Table: CREATE TABLE `runoob_tbl` (
  `runoob_id` int(11) NOT NULL auto_increment,
  `runoob_title` varchar(100) NOT NULL default '',
  `runoob_author` varchar(40) NOT NULL default '',
  `submission_date` date default NULL,
  PRIMARY KEY  (`runoob_id`),
  UNIQUE KEY `AUTHOR_INDEX` (`runoob_author`)
) ENGINE=InnoDB 
1 row in set (0.00 sec)

ERROR:
No query specified
*/
```

（2）、修改SQL语句的数据表名，并执行SQL语句。

```mysql
CREATE TABLE `clone_tbl` (
  `runoob_id` int(11) NOT NULL auto_increment,
  `runoob_title` varchar(100) NOT NULL default '',
  `runoob_author` varchar(40) NOT NULL default '',
  `submission_date` date default NULL,
  PRIMARY KEY  (`runoob_id`),
  UNIQUE KEY `AUTHOR_INDEX` (`runoob_author`)
) ENGINE=InnoDB;

-- Query OK, 0 rows affected (1.80 sec)
```

（3）、执行完第二步骤后，你将在数据库中创建新的克隆表 clone_tbl。 如果你想拷贝数据表的数据你可以使用 **INSERT INTO... SELECT** 语句来实现。

```mysql
INSERT INTO clone_tbl (runoob_id,
                       runoob_title,
                       runoob_author,
                       submission_date)
SELECT runoob_id,runoob_title,
       runoob_author,submission_date
FROM runoob_tbl;

# Query OK, 3 rows affected (0.07 sec)
-- Records: 3  Duplicates: 0  Warnings: 0
```

## 21. 元数据 ##

- **查询结果信息：** SELECT, UPDATE 或 DELETE语句影响的记录数。
- **数据库和数据表的信息：** 包含了数据库及数据表的结构信息。
- **MySQL服务器信息：** 包含了数据库服务器的当前状态，版本号等。

| SELECT VERSION( )  | 服务器版本信息            |
| ------------------ | ------------------------- |
| SELECT DATABASE( ) | 当前数据库名 (或者返回空) |
| SELECT USER( )     | 当前用户名                |
| SHOW STATUS        | 服务器状态                |
| SHOW VARIABLES     | 服务器配置变量            |

## 22. 序列使用 ##

MySQL 中最简单使用序列的方法就是使用 MySQL ***AUTO_INCREMENT*** 来定义列。

**使用**

```mysql
CREATE TABLE insect
	(
	id INT UNSIGNED NOT NULL AUTO_INCREMENT,
	PRIMARY KEY (id),
	name VARCHAR(30) NOT NULL, # type of insect
	date DATE NOT NULL, # date collected
	origin VARCHAR(30) NOT NULL # where collected
);
```

**重置序列**

如果你删除了数据表中的多条记录，并希望对剩下数据的AUTO_INCREMENT列进行重新排列，那么你可以通过删除自增的列，然后重新添加来实现。 不过该操作要非常小心，如果在删除的同时又有新记录添加，有可能会出现数据混乱。操作如下所示：

```mysql
# 删除自增列
ALTER TABLE insect DROP id;

# 增加自增列，设置主键
ALTER TABLE insect
ADD id INT UNSIGNED NOT NULL AUTO_INCREMENT FIRST,
ADD PRIMARY KEY (id);
```

**设置序列的开始值**

```mysql
ALTER TABLE t AUTO_INCREMENT = 100;
```

## 23. 处理重复数据 ##

[MySQL 处理重复数据](http://www.runoob.com/mysql/mysql-handling-duplicates.html)

有些 MySQL 数据表中可能存在重复的记录，有些情况我们允许重复数据的存在，但有时候我们也需要删除这些重复的数据。

### 23.1 防止表中出现重复数据 ###

（1）、***主键、 UNIQU***

> 在 MySQL 数据表中设置指定的字段为 **PRIMARY KEY（主键）** 或者 **UNIQUE（唯一）** 索引来保证数据的唯一性。

```mysql
CREATE TABLE person_tbl
(
   first_name CHAR(20) NOT NULL,
   last_name CHAR(20) NOT NULL,
   sex CHAR(10),
   PRIMARY KEY (last_name, first_name)
   # UNIQUE (last_name, first_name)
);
```

如果我们设置了唯一索引，那么在插入重复数据时，SQL 语句将无法执行成功,并抛出错。

（2）、***INSERT IGNORE INTO***

***INSERT IGNORE INTO*** 与 INSERT INTO 的区别就是 INSERT IGNORE 会***忽略数据库中已经存在的数据，如果数据库没有数据，就插入新的数据，如果有数据的话就跳过这条数据。这***样就可以保留数据库中已经存在数据，达到在间隙中插入数据的目的。

（3）、 ***REPLACE INTO*** 

INSERT IGNORE INTO 当插入数据时，在设置了记录的唯一性后，如果插入重复数据，将不返回错误，只以警告形式返回。 而 ***REPLACE INTO*** 如果存在 primary 或 unique 相同的记录，则***先删除掉。再插入***新记录。

```mysql
# INSERT IGNORE INTO 
INSERT IGNORE INTO person_tbl (last_name, first_name)
VALUES( 'Jay', 'Thomas');

# REPLACE INTO
REPLACE INTO test(title,uid) 
VALUES ('1234657','1003');
```

### 23.2 过滤重复数据 ###

[DISTINCT 有点这里的赶脚](http://www.runoob.com/mysql/mysql-clone-tables.html)

```mysql
# 方式一
SELECT DISTINCT last_name, first_name
FROM person_tbl;

# 方式二
SELECT last_name, first_name
FROM person_tbl
GROUP BY (last_name, first_name);
```

### 23.3 删除重复数据 ###

（1）、如果你想删除数据表中的重复数据，你可以使用以下的SQL语句：

```mysql
CREATE TABLE tmp SELECT last_name, first_name, sex FROM person_tbl  GROUP BY (last_name, first_name, sex);
DROP TABLE person_tbl;
ALTER TABLE tmp RENAME TO person_tbl;
```

（2）、当然你也可以在数据表中添加 **INDEX（索引） 和 PRIMAY KEY（主键）**这种简单的方法来删除表中的重复记录。方法如下：

```mysql
ALTER IGNORE TABLE person_tbl
ADD PRIMARY KEY (last_name, first_name);
```

### 23.4 统计重复数据 ###

以下我们将统计表中 first_name 和 last_name的重复记录数：

```mysql
SELECT COUNT(*) as repetitions, last_name, first_name
FROM person_tbl
GROUP BY last_name, first_name
HAVING repetitions > 1;
```

以上查询语句将返回 person_tbl 表中重复的记录数。 一般情况下，查询重复的值，请执行以下操作：

- 确定哪一**列**包含的值可能会**重复**。
- 在列选择列表使用**COUNT(*)列出的那些列**。
- 在GROUP BY子句中列出的列。
- HAVING子句设置重复数大于1。

## 24. 常用函数 ##

- 聚集函数

- - avg
  - count
  - max
  - min
  - sum

- 用于处理字符串的函数

- - 合并字符串函数：concat(str1,str2,str3…)
  - 比较字符串大小函数：strcmp(str1,str2)
  - 获取字符串字节数函数：length(str)
  - 获取字符串字符数函数：char_length(str)
  - 字母大小写转换函数：大写：upper(x),ucase(x)；小写lower(x),lcase(x)
  - 字符串查找函数
  - 获取指定位置的子串
  - 字符串去空函数
  - 字符串替换函数：

- 用于处理数值的函数

- - 绝对值函数：abs(x)
  - 向上取整函数：ceil(x)
  - 向下取整函数:floor(x)
  - 取模函数：mod(x,y)
  - 随机数函数：rand()
  - 四舍五入函数：round(x,y)
  - 数值截取函数：truncate(x,y)

- 用于处理时间日期的函数

- - 获取当前日期：curdate()，current_date()
  - 获取当前时间：curtime()，current_time()
  - 获取当前日期时间：now()
  - 从日期中选择出月份数：month(date),monthname(date)
  - 从日期中选择出周数：week(date)
  - 从日期中选择出周数：year(date)
  - 从时间中选择出小时数：hour(time)
  - 从时间中选择出分钟数：minute(time)
  - 从时间中选择出今天是周几：weekday(date),dayname(date)

## 其他 ##

（1）COMMENT , 注释
